term,tfidf_score
ürün,0.3632045082149497
iade,0.30688744084691333
çok,0.2742767193984768
etmiyorum,0.2051639209312665
ettim,0.17679411723115657
